t,ecg
0.0,0.1723692578957014
0.01001001001001001,0.20446378518832564
0.02002002002002002,0.622395785079177
0.03003003003003003,0.602460851737984
0.04004004004004004,0.5974250481234804
0.050050050050050046,0.7678371206886911
0.06006006006006006,0.9508460720512064
0.07007007007007007,1.053900562217976
0.08008008008008008,1.160353484229685
0.09009009009009009,1.0655868769169883
0.10010010010010009,1.2782490600861767
0.11011011011011011,1.3271291455095222
0.12012012012012012,1.506432801400789
0.13013013013013014,1.305322598156228
0.14014014014014015,1.6119022450136926
0.15015015015015015,1.7007871564136534
0.16016016016016016,1.7631163770076155
0.17017017017017017,1.3431849118423265
0.18018018018018017,1.4169135145866754
0.19019019019019018,1.0626918592060222
0.20020020020020018,1.2187558515007249
0.21021021021021022,1.1756204955673069
0.22022022022022023,0.8820801750736808
0.23023023023023023,1.115867108233296
0.24024024024024024,1.1498126984737997
0.2502502502502503,1.302057957609021
0.2602602602602603,1.216334045528455
0.2702702702702703,1.3259988710594655
0.2802802802802803,0.8927828863436855
0.2902902902902903,1.2064468036872944
0.3003003003003003,1.0384107228249417
0.3103103103103103,1.1830146656846967
0.3203203203203203,1.4061585929293783
0.3303303303303303,1.2736105808813243
0.34034034034034033,1.3125409436131035
0.35035035035035034,1.4898746786127641
0.36036036036036034,1.5116615193536065
0.37037037037037035,1.3955571938412776
0.38038038038038036,1.3772963198146866
0.39039039039039036,1.4540141823748407
0.40040040040040037,1.3816867444893117
0.41041041041041043,1.3608881602697271
0.42042042042042044,1.2288473701309077
0.43043043043043044,1.211457838822744
0.44044044044044045,0.773197605915683
0.45045045045045046,0.701665931631135
0.46046046046046046,0.8192050977945331
0.47047047047047047,0.6946864626624032
0.4804804804804805,0.9172235146906393
0.4904904904904905,0.04330417428913985
0.5005005005005005,0.25932453379402504
0.5105105105105106,-0.26970169424615137
0.5205205205205206,-0.2202524725959866
0.5305305305305306,-0.34828982210909054
0.5405405405405406,-0.45376718640371655
0.5505505505505506,-0.6823656131998654
0.5605605605605606,-0.7930497384599473
0.5705705705705706,-1.3728104362626896
0.5805805805805806,-0.9892632312289692
0.5905905905905906,-1.456421581167802
0.6006006006006006,-1.4352290625016413
0.6106106106106106,-1.416262163933305
0.6206206206206206,-1.4054454988368723
0.6306306306306306,-1.2216493726955528
0.6406406406406406,-1.1430507518431194
0.6506506506506506,-1.322784340849626
0.6606606606606606,-1.3104547209368418
0.6706706706706707,-1.3133779251895974
0.6806806806806807,-1.4627189072538376
0.6906906906906907,-1.1892333051802928
0.7007007007007007,-1.1454350964283744
0.7107107107107107,-1.0519807274883997
0.7207207207207207,-0.9222813957399225
0.7307307307307307,-0.6670625249724502
0.7407407407407407,-1.2201173160464331
0.7507507507507507,-0.9357618540840922
0.7607607607607607,-1.0253304331569841
0.7707707707707707,-1.1295884168265573
0.7807807807807807,-1.3637020366428838
0.7907907907907907,-0.8063435478416223
0.8008008008008007,-0.8057258185317002
0.8108108108108109,-1.1589237915602755
0.8208208208208209,-1.3483718702149328
0.8308308308308309,-1.2334594503640213
0.8408408408408409,-1.3071551889100683
0.8508508508508509,-1.3289188850186804
0.8608608608608609,-1.3364941745315293
0.8708708708708709,-1.9830948746681
0.8808808808808809,-1.1902009909578752
0.8908908908908909,-1.5788871426745323
0.9009009009009009,-1.3282282722139767
0.9109109109109109,-1.7284646600886038
0.9209209209209209,-1.223757075345678
0.9309309309309309,-1.2445611790174207
0.9409409409409409,-0.6774189320104522
0.950950950950951,-0.7143585196926112
0.960960960960961,-0.5193055927933194
0.970970970970971,-0.5525633416654495
0.980980980980981,-0.14848606576902812
0.990990990990991,-0.04674119939563509
1.001001001001001,-0.09268192184762984
1.011011011011011,0.3558645142523372
1.021021021021021,0.5834485114677874
1.031031031031031,0.7182994357888673
1.0410410410410411,0.4417501738627369
1.0510510510510511,0.9146079237015674
1.0610610610610611,0.8873714888837341
1.0710710710710711,1.02506202940795
1.0810810810810811,1.342517631209207
1.0910910910910911,1.4440109937570589
1.1011011011011012,1.208532410797584
1.1111111111111112,1.6604959367837309
1.1211211211211212,1.172401170612427
1.1311311311311312,1.1398210400037434
1.1411411411411412,1.5277345703419989
1.1511511511511512,1.6093258301122944
1.1611611611611612,1.3348946063170612
1.1711711711711712,1.5174402434837304
1.1811811811811812,0.9507475973597024
1.1911911911911912,1.0536093291899644
1.2012012012012012,0.9213139270961058
1.2112112112112112,0.9592781150216795
1.2212212212212212,0.9926880698860818
1.2312312312312312,0.8358461856476753
1.2412412412412412,1.1671565658640284
1.2512512512512513,1.0706457911530263
1.2612612612612613,1.1410427101384044
1.2712712712712713,1.0782557902139147
1.2812812812812813,1.157210936431865
1.2912912912912913,1.2778649008624612
1.3013013013013013,1.0934989466898093
1.3113113113113113,1.3552721307915179
1.3213213213213213,1.3964884031471936
1.3313313313313313,1.0290254578818576
1.3413413413413413,1.3395615307690496
1.3513513513513513,0.9130014636747243
1.3613613613613613,1.4311092381080706
1.3713713713713713,1.6169390215146358
1.3813813813813813,1.3854945678591584
1.3913913913913913,1.2147974638940593
1.4014014014014013,0.9319804230791302
1.4114114114114114,1.3622763620536025
1.4214214214214214,1.2818661365822508
1.4314314314314314,1.0905323509519316
1.4414414414414414,0.7241124641476626
1.4514514514514514,1.0728086820233032
1.4614614614614614,0.7409957784951642
1.4714714714714714,0.3152865997046883
1.4814814814814814,0.20761272984916448
1.4914914914914914,-0.13933348287091485
1.5015015015015014,-0.2143578868450235
1.5115115115115114,-0.04063761557354573
1.5215215215215214,-0.34695945254397076
1.5315315315315314,-0.46893608722779473
1.5415415415415414,-0.7867751982303506
1.5515515515515514,-1.1497510241996578
1.5615615615615615,-1.0050603036550554
1.5715715715715715,-1.082202525192077
1.5815815815815815,-1.2694506703069859
1.5915915915915915,-1.5156429624432297
1.6016016016016015,-1.3395140215814365
1.6116116116116117,-1.1210882209454551
1.6216216216216217,-1.6647583993353008
1.6316316316316317,-1.4525356423533229
1.6416416416416417,-1.3521117419890363
1.6516516516516517,-1.3320606721691934
1.6616616616616617,-0.7488225240326377
1.6716716716716717,-1.0955173880724736
1.6816816816816818,-1.140570320074321
1.6916916916916918,-0.9880770096971276
1.7017017017017018,-0.8405623730299591
1.7117117117117118,-1.272921965813555
1.7217217217217218,-1.0658250260450977
1.7317317317317318,-0.7950152729313663
1.7417417417417418,-0.971402245651691
1.7517517517517518,-0.8428029126395045
1.7617617617617618,-0.910528580977437
1.7717717717717718,-1.088887871157583
1.7817817817817818,-0.6734016269125622
1.7917917917917918,-0.9656976123683519
1.8018018018018018,-0.9510252811084925
1.8118118118118118,-0.992398542832405
1.8218218218218218,-0.9299799366836301
1.8318318318318318,-1.6912288277388363
1.8418418418418419,-1.094422385365703
1.8518518518518519,-1.6492663856516634
1.8618618618618619,-1.2798803785920017
1.8718718718718719,-1.3909360415145755
1.8818818818818819,-1.3206658422839488
1.8918918918918919,-1.3547079650292828
1.901901901901902,-1.422696200084758
1.911911911911912,-1.248162175940076
1.921921921921922,-1.3625235555967605
1.931931931931932,-1.419115912756367
1.941941941941942,-0.7400774457647739
1.951951951951952,-0.7546619519123492
1.961961961961962,-0.3978040279674984
1.971971971971972,-0.569372632029908
1.981981981981982,-0.3745222864524972
1.991991991991992,-0.44175539086989946
2.002002002002002,-0.016476112785680494
2.012012012012012,0.4212967424600484
2.022022022022022,0.5291242631063953
2.032032032032032,0.5483128384137151
2.042042042042042,0.7598952774356197
2.052052052052052,0.945945064909086
2.062062062062062,1.1771273570005154
2.0720720720720722,0.9776971224493245
2.0820820820820822,1.1678172771362216
2.0920920920920922,1.343072955840225
2.1021021021021022,1.3062195844428035
2.1121121121121122,1.3802753503389402
2.1221221221221223,1.3706971978284084
2.1321321321321323,1.3821284368251703
2.1421421421421423,1.5330634235986866
2.1521521521521523,0.9352948655598197
2.1621621621621623,1.6135941970465657
2.1721721721721723,1.39912004856273
2.1821821821821823,1.0466857452226879
2.1921921921921923,0.93989134861985
2.2022022022022023,0.6690049887474134
2.2122122122122123,0.9668422699794404
2.2222222222222223,0.9902086992795832
2.2322322322322323,0.9348428804241712
2.2422422422422423,1.0466161027946321
2.2522522522522523,1.0258454682753944
2.2622622622622623,1.0013083858582623
2.2722722722722724,1.1322089786799485
2.2822822822822824,1.034707893901825
2.2922922922922924,1.0939994733731113
2.3023023023023024,1.280750565132941
2.3123123123123124,1.050008141517789
2.3223223223223224,0.9965101334316874
2.3323323323323324,1.132637009902249
2.3423423423423424,0.8424667145429084
2.3523523523523524,1.7285386153631537
2.3623623623623624,1.3379568782212126
2.3723723723723724,1.3891958395095314
2.3823823823823824,1.332608070233179
2.3923923923923924,1.4420143991165564
2.4024024024024024,1.1389418663866695
2.4124124124124124,1.5063289246965994
2.4224224224224224,1.1199394689738684
2.4324324324324325,1.3236012623599724
2.4424424424424425,1.044317332452165
2.4524524524524525,0.6692366903093492
2.4624624624624625,0.9467297538611212
2.4724724724724725,0.5466515594680902
2.4824824824824825,0.4055223338469187
2.4924924924924925,-0.14200494476021874
2.5025025025025025,-0.11821096211720462
2.5125125125125125,-0.2397906719314335
2.5225225225225225,-0.28418243404081656
2.5325325325325325,-0.5014321619673272
2.5425425425425425,-0.3644492904973001
2.5525525525525525,-0.5033226906676347
2.5625625625625625,-0.8646954657765553
2.5725725725725725,-1.0472864788042229
2.5825825825825826,-1.3986341577246186
2.5925925925925926,-1.4702807619856513
2.6026026026026026,-1.0699200570279932
2.6126126126126126,-1.2789903242302156
2.6226226226226226,-1.1873194444636483
2.6326326326326326,-1.4332648079090156
2.6426426426426426,-1.5019614008651976
2.6526526526526526,-1.4349140411339394
2.6626626626626626,-1.2537566754030807
2.6726726726726726,-1.0589702900786346
2.6826826826826826,-1.0935428453097034
2.6926926926926926,-1.2804283273832147
2.7027027027027026,-1.2815259968030772
2.7127127127127126,-0.905661842839223
2.7227227227227226,-1.0640349060248442
2.7327327327327327,-0.8884252107848509
2.7427427427427427,-1.1127095055429297
2.7527527527527527,-0.9892082701002705
2.7627627627627627,-1.276782017686774
2.7727727727727727,-1.016267420368903
2.7827827827827827,-0.7882396892842687
2.7927927927927927,-1.3540728645634128
2.8028028028028027,-0.5432100786170665
2.8128128128128127,-1.045789832434717
2.8228228228228227,-1.2751884373006386
2.8328328328328327,-1.5770283738550837
2.8428428428428427,-1.2841168437595054
2.8528528528528527,-1.5736145103149504
2.8628628628628627,-1.3821692995017285
2.8728728728728727,-1.4817818383305443
2.8828828828828827,-1.1138614776816327
2.8928928928928928,-1.5739135083578346
2.9029029029029028,-1.1623849206257664
2.9129129129129128,-1.1945560125623191
2.9229229229229228,-1.1248594756047992
2.932932932932933,-1.2943191469243538
2.942942942942943,-0.952442176371443
2.952952952952953,-0.4724703577366578
2.962962962962963,-0.6555725667485353
2.972972972972973,-0.2461434746223008
2.982982982982983,-0.3993986991488513
2.992992992992993,-0.10165309758082831
3.003003003003003,0.001366294955309856
3.013013013013013,0.29896660816176285
3.023023023023023,0.1682127428360471
3.033033033033033,0.5708836629822183
3.043043043043043,0.8844545613509043
3.053053053053053,1.2177360120197764
3.063063063063063,1.066602443557984
3.073073073073073,1.1501795818893938
3.083083083083083,1.5266613272711453
3.093093093093093,1.2925711927122545
3.103103103103103,1.1918207146693163
3.113113113113113,1.4034302979260167
3.123123123123123,1.51809379502787
3.133133133133133,1.3569674619153584
3.143143143143143,1.8552033504427428
3.153153153153153,1.464876603619921
3.163163163163163,1.5540799358825406
3.173173173173173,1.363013483336071
3.183183183183183,1.4760638170711038
3.193193193193193,0.7849897150164421
3.203203203203203,0.8750025285628235
3.2132132132132134,1.201786235404221
3.2232232232232234,1.2173695591706246
3.2332332332332334,0.7843440914681638
3.2432432432432434,0.9080525369672182
3.2532532532532534,0.9111479895192891
3.2632632632632634,1.3002448542699911
3.2732732732732734,0.9902499000843596
3.2832832832832834,1.0477513074388778
3.2932932932932935,0.8705771567574999
3.3033033033033035,1.0033081403647655
3.3133133133133135,0.9816289849436804
3.3233233233233235,1.482551733621846
3.3333333333333335,1.3733667639465907
3.3433433433433435,1.0159769552157436
3.3533533533533535,1.5543840386171368
3.3633633633633635,1.5908358767021233
3.3733733733733735,1.471199332416812
3.3833833833833835,1.3721284252796606
3.3933933933933935,1.2678412549938498
3.4034034034034035,1.2640629178845022
3.4134134134134135,1.2000590715366415
3.4234234234234235,1.2879001960502086
3.4334334334334335,1.2774633302062188
3.4434434434434436,1.1342952669320843
3.4534534534534536,0.67425424141851
3.4634634634634636,0.6389765057346627
3.4734734734734736,0.3775130244949545
3.4834834834834836,0.5721359134586486
3.4934934934934936,0.25556949042622956
3.5035035035035036,-0.10779821401825651
3.5135135135135136,0.3767846158339676
3.5235235235235236,-0.3041308882002146
3.5335335335335336,-0.9485597652874189
3.5435435435435436,-0.46403819057406653
3.5535535535535536,-0.7892979616774094
3.5635635635635636,-1.0193206514318323
3.5735735735735736,-0.7168162906672295
3.5835835835835836,-0.8329054622041776
3.5935935935935936,-1.5783215964482398
3.6036036036036037,-1.5082122821218389
3.6136136136136137,-1.4137617716901854
3.6236236236236237,-1.3234349553358642
3.6336336336336337,-1.178333415120147
3.6436436436436437,-1.5616270850652965
3.6536536536536537,-1.221219544003891
3.6636636636636637,-1.4681894686817096
3.6736736736736737,-1.4573189667886775
3.6836836836836837,-1.3971960123395428
3.6936936936936937,-0.970295321429015
3.7037037037037037,-0.8150679031469084
3.7137137137137137,-1.5096480338270686
3.7237237237237237,-0.9826050679374745
3.7337337337337337,-1.0863144297266687
3.7437437437437437,-1.056972760120802
3.7537537537537538,-0.9968465420397103
3.7637637637637638,-1.0003620240490432
3.7737737737737738,-0.6001428091278974
3.7837837837837838,-0.9699104011781148
3.793793793793794,-0.8548246198120928
3.803803803803804,-1.3031568531948192
3.813813813813814,-1.061660409798713
3.823823823823824,-1.479034266446282
3.833833833833834,-1.0558462883332924
3.843843843843844,-1.0625664447535872
3.853853853853854,-1.213974972171646
3.863863863863864,-1.7199264695745757
3.873873873873874,-1.498737519022825
3.883883883883884,-1.610259830042345
3.893893893893894,-1.442145727132691
3.903903903903904,-1.6166214556087115
3.913913913913914,-1.0995725009252515
3.923923923923924,-0.9719474570457184
3.933933933933934,-0.9656097554982581
3.943943943943944,-0.7766805041350828
3.953953953953954,-0.6517367430470703
3.963963963963964,-0.6704788095274817
3.973973973973974,-0.43990121303670116
3.983983983983984,-0.2913121827129266
3.993993993993994,-0.0035693059589602394
4.004004004004004,0.042352538313147385
4.014014014014014,0.30121372815205927
4.024024024024024,0.2151806517830409
4.034034034034034,0.7135263233598816
4.044044044044044,0.5254205086628438
4.054054054054054,0.9429511942881819
4.064064064064064,1.062008389545703
4.074074074074074,1.2481818961359517
4.084084084084084,1.3185797044059606
4.094094094094094,1.4699924291206203
4.104104104104104,1.3402984605354427
4.114114114114114,1.3113298106895495
4.124124124124124,1.2418764106467612
4.134134134134134,1.405118030496128
4.1441441441441444,1.4776627315888524
4.1541541541541545,1.489910561155932
4.1641641641641645,1.1758127620676655
4.1741741741741745,1.2270897716246698
4.1841841841841845,1.010823333258776
4.1941941941941945,0.9547904491463786
4.2042042042042045,1.2541417221914979
4.2142142142142145,0.7964838670037155
4.2242242242242245,1.0476633011209662
4.2342342342342345,0.7938572360185132
4.2442442442442445,0.8242512956186644
4.2542542542542545,1.2157241574058633
4.2642642642642645,0.8627363056421071
4.2742742742742745,0.9706021288810058
4.2842842842842845,1.062318643919798
4.2942942942942945,1.1695369015343295
4.3043043043043046,1.5955273459299275
4.314314314314315,0.9282300653368878
4.324324324324325,1.0215518195483948
4.334334334334335,1.3488434253892827
4.344344344344345,1.368950910905651
4.354354354354355,1.5578117207778928
4.364364364364365,1.2947803545042036
4.374374374374375,1.5581389026722394
4.384384384384385,0.9227946352902324
4.394394394394395,1.201999473929702
4.404404404404405,1.2438560399815786
4.414414414414415,1.5758408580057133
4.424424424424425,1.0570708084572882
4.434434434434435,1.0757099506234464
4.444444444444445,1.0761047778619786
4.454454454454455,0.5278845762908646
4.464464464464465,1.0153769162801738
4.474474474474475,0.6014549240128857
4.484484484484485,0.3629982427420928
4.494494494494495,0.2958367150700498
4.504504504504505,-0.08053482674834825
4.514514514514515,-0.40197315036107417
4.524524524524525,-0.3697299593586069
4.534534534534535,-0.537479109624317
4.544544544544545,-1.0863000710587327
4.554554554554555,-0.8170968969444325
4.564564564564565,-1.2942318003161384
4.574574574574575,-1.0756510138146316
4.584584584584585,-1.1557363424854161
4.594594594594595,-1.041265837808153
4.604604604604605,-1.6735668435064246
4.614614614614615,-1.1589574043861546
4.624624624624625,-1.6420297547063767
4.634634634634635,-1.0471986878771986
4.644644644644645,-1.551086702232374
4.654654654654655,-1.6938723769450754
4.664664664664665,-1.1621429488765422
4.674674674674675,-1.233940635023867
4.684684684684685,-1.279154239366455
4.694694694694695,-0.8628027338685846
4.704704704704705,-1.1082460098500508
4.714714714714715,-1.4780591860834402
4.724724724724725,-1.0420725453134099
4.734734734734735,-1.2458458478318053
4.744744744744745,-1.2536637759557205
4.754754754754755,-0.6110247707374776
4.764764764764765,-0.8412137077779762
4.774774774774775,-0.5555030412190498
4.784784784784785,-1.3050047123446955
4.794794794794795,-1.2374521329163823
4.804804804804805,-1.2654896079974463
4.814814814814815,-1.0467705396861726
4.824824824824825,-1.4228500214662758
4.834834834834835,-1.461826871947395
4.844844844844845,-1.3299467208657016
4.854854854854855,-1.4927602929090453
4.864864864864865,-1.4207864196751776
4.874874874874875,-1.1464482419167168
4.884884884884885,-1.0076408294697285
4.894894894894895,-1.4698982107775445
4.904904904904905,-1.514823315338344
4.914914914914915,-1.3599271929410917
4.924924924924925,-1.4329320801408516
4.934934934934935,-1.2874034735571798
4.944944944944945,-0.9675996592796903
4.954954954954955,-1.0527760576666907
4.964964964964965,-0.39601649511053316
4.974974974974975,-0.34833560674831276
4.984984984984985,-0.03806521948203809
4.994994994994995,-0.14975301509897015
5.005005005005005,0.13549162410941554
5.015015015015015,0.3357021565969701
5.025025025025025,0.5640408187125899
5.035035035035035,0.6628165751777936
5.045045045045045,0.7423225253875618
5.055055055055055,1.2938400140472506
5.065065065065065,1.0651919489096142
5.075075075075075,1.2780045906264195
5.085085085085085,1.180634556884395
5.095095095095095,0.8747901556617067
5.105105105105105,1.11588242111597
5.115115115115115,1.8809009654927755
5.125125125125125,1.268882151436683
5.135135135135135,1.1770908147648136
5.145145145145145,1.6377095963707755
5.155155155155155,0.9848677483704746
5.165165165165165,1.594961715046889
5.175175175175175,1.4314697415516204
5.185185185185185,1.1733654351702902
5.195195195195195,1.4598846016764229
5.205205205205205,1.375650963062917
5.215215215215215,1.136613139809521
5.225225225225225,0.907456933377785
5.235235235235235,0.9685654113927852
5.245245245245245,1.3585823712949006
5.255255255255255,1.2133506373364649
5.265265265265265,1.1986285130044019
5.275275275275275,1.0915740090615749
5.285285285285285,1.2616581393198052
5.295295295295295,1.393621618505903
5.305305305305305,1.2213943497623858
5.315315315315315,1.0649938891222337
5.325325325325325,1.798830117262808
5.335335335335335,1.5684865879469378
5.345345345345345,1.5175411418601887
5.355355355355355,1.1942851833305774
5.365365365365365,1.379274347929247
5.375375375375375,1.5691004368141945
5.385385385385385,1.3201698287525487
5.395395395395395,1.147543298292499
5.405405405405405,1.3090443607780182
5.415415415415415,1.2109659445385308
5.425425425425425,1.6044072755753231
5.435435435435435,0.48942651656314573
5.445445445445445,0.8488632898549746
5.455455455455455,0.7719495294596364
5.465465465465465,0.7155585573095143
5.475475475475475,0.34943925258049957
5.485485485485485,0.4234117919638962
5.495495495495495,0.15646265226086187
5.505505505505505,-0.019896093942344997
5.515515515515515,-0.11413852028643451
5.525525525525525,-0.43168085791212085
5.535535535535535,-0.5638625265966942
5.545545545545545,-0.6547664937180168
5.555555555555555,-0.8519733341255743
5.565565565565565,-1.093690140369706
5.575575575575575,-0.9062834316778966
5.585585585585585,-1.4877072123765394
5.595595595595595,-1.5371767555729705
5.605605605605605,-1.30725741191921
5.615615615615615,-1.1128878256586094
5.625625625625625,-1.3619467541983696
5.635635635635635,-1.1550232920522543
5.645645645645645,-1.4367036734487508
5.655655655655655,-1.6072696335705214
5.665665665665665,-1.6488049743278668
5.675675675675675,-0.7664886179473782
5.685685685685685,-1.3908098951739192
5.6956956956956954,-1.2772473568191034
5.7057057057057055,-0.8573251765848448
5.7157157157157155,-1.5128786207301117
5.7257257257257255,-0.6455745893595276
5.7357357357357355,-1.1583788757666014
5.7457457457457455,-0.9651814910857458
5.7557557557557555,-0.9627985184540038
5.7657657657657655,-0.8363357479675422
5.7757757757757755,-0.8064313905029268
5.7857857857857855,-1.0306726460527942
5.7957957957957955,-0.9504747399916871
5.8058058058058055,-1.174791136902643
5.8158158158158155,-1.2614780383327453
5.8258258258258255,-1.109523785108852
5.8358358358358355,-1.4024369946638828
5.8458458458458455,-1.5582238180139645
5.8558558558558556,-1.1210263685451145
5.865865865865866,-1.2450553997435332
5.875875875875876,-1.631506544507003
5.885885885885886,-1.8090055992027287
5.895895895895896,-1.8279669194947115
5.905905905905906,-1.309574031539199
5.915915915915916,-0.9443119197201477
5.925925925925926,-1.1055713589291165
5.935935935935936,-0.8655427100847707
5.945945945945946,-0.8399237656859867
5.955955955955956,-0.8588350830930482
5.965965965965966,-0.4554335546834333
5.975975975975976,-0.3878978343574405
5.985985985985986,-0.09254867413181755
5.995995995995996,-0.28708708875959393
6.006006006006006,-0.2512513893422544
6.016016016016016,0.2620388299015613
6.026026026026026,0.5523275562889473
6.036036036036036,0.5218698462601019
6.046046046046046,0.9858865215622772
6.056056056056056,0.8628456939380253
6.066066066066066,1.2001070062947432
6.076076076076076,0.9846614841972756
6.086086086086086,1.39500537410397
6.096096096096096,0.9030678631749978
6.106106106106106,1.1394258354467768
6.116116116116116,1.448543598857869
6.126126126126126,1.8508150426034176
6.136136136136136,1.3406957471461356
6.146146146146146,1.4200525281532457
6.156156156156156,1.2029476072251393
6.166166166166166,1.387033136558513
6.176176176176176,0.9587673794651443
6.186186186186186,1.5112907039563084
6.196196196196196,0.7748136534254121
6.206206206206206,1.0947460904576032
6.216216216216216,1.0848913005342624
6.226226226226226,0.5948186066027485
6.236236236236236,1.141715657943807
6.246246246246246,0.8738266602374897
6.256256256256256,1.4324987819599428
6.266266266266266,0.8558640628530724
6.276276276276276,1.075097295320511
6.286286286286286,1.3455443850108706
6.296296296296296,1.186556378884183
6.306306306306306,1.0639738173064988
6.316316316316316,1.101514482054591
6.326326326326326,1.348845600716309
6.336336336336336,1.3031483885694584
6.346346346346346,1.4951608659733366
6.356356356356356,1.3860893298724375
6.366366366366366,1.2625257415266764
6.376376376376376,1.2769939792380391
6.386386386386386,1.1338958741480683
6.396396396396396,1.2912038952479548
6.406406406406406,1.4952598176778218
6.416416416416417,1.274233586576845
6.426426426426427,0.8701692334860716
6.436436436436437,1.2299866295496589
6.446446446446447,0.9036343026170852
6.456456456456457,0.6904645863359549
6.466466466466467,0.10622475978334878
6.476476476476477,0.5326929891494396
6.486486486486487,0.5276708815866895
6.496496496496497,0.12597331030293474
6.506506506506507,-0.3973325787253452
6.516516516516517,-0.4434197347904828
6.526526526526527,-0.4383071063087952
6.536536536536537,-0.46624425699837563
6.546546546546547,-0.8915981629527496
6.556556556556557,-1.4047289262059026
6.566566566566567,-1.001329085838852
6.576576576576577,-1.1420437945237003
6.586586586586587,-1.4604067159808418
6.596596596596597,-1.375098285572317
6.606606606606607,-1.0466261802638854
6.616616616616617,-1.208746936896616
6.626626626626627,-1.253025732034783
6.636636636636637,-1.2677191613405125
6.646646646646647,-1.4902519196147042
6.656656656656657,-1.4176822289341326
6.666666666666667,-1.4983851304330904
6.676676676676677,-1.2686181849719091
6.686686686686687,-1.5238895874664131
6.696696696696697,-1.1947329712807333
6.706706706706707,-1.2960022339523103
6.716716716716717,-0.9100665723498799
6.726726726726727,-1.0532921915178524
6.736736736736737,-1.1193114260652346
6.746746746746747,-1.248910223397459
6.756756756756757,-0.7258601565562627
6.766766766766767,-1.0413107431577258
6.776776776776777,-1.1225801329770007
6.786786786786787,-1.0687475100064285
6.796796796796797,-1.3672930830888257
6.806806806806807,-1.0738711842100623
6.816816816816817,-1.399651470022094
6.826826826826827,-1.2464107089180687
6.836836836836837,-1.6359020807339963
6.846846846846847,-1.170489314922525
6.856856856856857,-1.5318276195381348
6.866866866866867,-1.3804149731447373
6.876876876876877,-1.4318987536878707
6.886886886886887,-0.9828107938966479
6.896896896896897,-1.3110673693912556
6.906906906906907,-1.3534111101817712
6.916916916916917,-0.9943749280994605
6.926926926926927,-0.9248430831017278
6.936936936936937,-1.0616211598744538
6.946946946946947,-0.9883220477869609
6.956956956956957,-0.74314081890985
6.966966966966967,-0.2690468328861098
6.976976976976977,-0.6365756701037695
6.986986986986987,0.1686240849192917
6.996996996996997,0.1476948884842441
7.007007007007007,0.09319330544467963
7.017017017017017,0.6411702538464206
7.027027027027027,0.6983669186874601
7.037037037037037,0.3676604016857893
7.047047047047047,0.9133723566236389
7.057057057057057,1.219226112599152
7.067067067067067,1.26725169643494
7.077077077077077,1.6185176845678562
7.087087087087087,1.1112106215075583
7.097097097097097,1.4549266509455607
7.107107107107107,1.2091589001728913
7.117117117117117,1.4979541338897229
7.127127127127127,1.2869593372486554
7.137137137137137,1.2669282027056274
7.147147147147147,1.139257464103208
7.157157157157157,1.2639020057161143
7.167167167167167,1.3263480112345143
7.177177177177177,1.348424883680484
7.187187187187187,0.9260816053003254
7.197197197197197,0.9778187629094828
7.207207207207207,0.9101598260345889
7.217217217217217,1.0705468170141104
7.227227227227227,0.9997110834459051
7.237237237237237,0.7845087747718609
7.247247247247247,1.136963729939183
7.257257257257257,0.8232087919275278
7.267267267267267,0.8595072485311827
7.277277277277277,0.9530036293770129
7.287287287287287,1.0156497060223146
7.297297297297297,0.6133489994243165
7.307307307307307,1.166841899191913
7.317317317317317,0.9745190267008128
7.327327327327327,0.896321660529235
7.337337337337337,1.4906632644470392
7.347347347347347,1.364323644366233
7.357357357357357,0.9950404239702257
7.367367367367367,1.840747895712652
7.377377377377377,1.653320478222011
7.387387387387387,1.8015325723089166
7.397397397397397,1.3485912541761567
7.407407407407407,1.4997736777604707
7.4174174174174174,1.4104612244762924
7.4274274274274275,1.1216731445980594
7.4374374374374375,1.226190500424822
7.4474474474474475,0.6604101528312736
7.4574574574574575,1.0469094421821372
7.4674674674674675,0.6845568628583633
7.4774774774774775,0.39422070190856057
7.4874874874874875,0.5195159595475665
7.4974974974974975,-0.23715690728650618
7.5075075075075075,-0.4352983178283152
7.5175175175175175,-0.37131883908326496
7.5275275275275275,-0.38867570484273456
7.5375375375375375,-0.926920384962655
7.5475475475475475,-0.8291290595258798
7.5575575575575575,-1.0412004861009787
7.5675675675675675,-1.0827608814949259
7.5775775775775776,-1.0085716767818231
7.587587587587588,-1.1808795274782153
7.597597597597598,-1.4790782700944476
7.607607607607608,-1.3011908819949858
7.617617617617618,-1.45445062200114
7.627627627627628,-1.591603697962813
7.637637637637638,-1.6086120684189957
7.647647647647648,-1.2386074705126529
7.657657657657658,-1.161752345486623
7.667667667667668,-1.247921690156333
7.677677677677678,-1.3522215294902775
7.687687687687688,-1.3663122660353704
7.697697697697698,-1.076009734377884
7.707707707707708,-1.1766792925757106
7.717717717717718,-1.3679351138041485
7.727727727727728,-1.0292984043632942
7.737737737737738,-0.869972265434348
7.747747747747748,-0.5518847268839397
7.757757757757758,-1.4240437612825447
7.767767767767768,-0.7612581007065184
7.777777777777778,-0.999420159837979
7.787787787787788,-0.9194321519797689
7.797797797797798,-1.2187172963712745
7.807807807807808,-1.2123666793989913
7.817817817817818,-1.5460796900461131
7.827827827827828,-1.270150204207799
7.837837837837838,-1.342546744158768
7.847847847847848,-1.4914597226383641
7.857857857857858,-1.1039577203222264
7.867867867867868,-1.2319139302216242
7.877877877877878,-1.1427513185002853
7.887887887887888,-1.53819092547885
7.897897897897898,-1.2328113664185916
7.907907907907908,-1.2210660563573237
7.917917917917918,-1.4779673971717315
7.927927927927928,-0.9601773356810569
7.937937937937938,-1.1255433027469472
7.947947947947948,-0.9394955856958913
7.957957957957958,-0.9086993660351281
7.967967967967968,-0.39278435949680995
7.977977977977978,-0.42879390101795156
7.987987987987988,-0.12644453479570736
7.997997997997998,-0.26867170159103904
8.008008008008009,0.31883414600015436
8.018018018018019,0.3275129443865898
8.028028028028029,0.3764866112344718
8.038038038038039,0.7681291646941633
8.048048048048049,0.8020247844132848
8.058058058058059,0.6990992742925886
8.068068068068069,1.0365158289707883
8.078078078078079,1.2057523968391584
8.088088088088089,1.4998104379672448
8.098098098098099,1.5486751617600456
8.108108108108109,1.5258408092886027
8.118118118118119,1.5572610203796047
8.128128128128129,1.3999523372090554
8.138138138138139,1.266966264505805
8.148148148148149,1.6060563098831282
8.158158158158159,1.6532420955281906
8.168168168168169,1.317071100011091
8.178178178178179,1.4036141959106898
8.188188188188189,1.1560280534805991
8.198198198198199,1.4682703353600124
8.208208208208209,1.103113032922247
8.218218218218219,1.093320491541844
8.228228228228229,0.708163219357913
8.238238238238239,0.9113986663767839
8.248248248248249,1.1923364492431543
8.258258258258259,0.5935044802298901
8.268268268268269,1.0871152842813327
8.278278278278279,0.8550812394441502
8.288288288288289,1.0086641459855565
8.298298298298299,1.2285029694657408
8.308308308308309,1.1747270694442027
8.318318318318319,1.1763923256674162
8.328328328328329,1.2812182103801972
8.338338338338339,1.4742228893278566
8.348348348348349,1.1721203497524637
8.358358358358359,0.8579395707944731
8.368368368368369,1.5535895993991062
8.378378378378379,1.3163455399238306
8.388388388388389,1.915175925170416
8.398398398398399,1.228547048452936
8.408408408408409,1.2198796770311062
8.418418418418419,1.4475298260994136
8.428428428428429,1.2175769817914905
8.438438438438439,0.9711745029840774
8.448448448448449,1.2903383106892308
8.458458458458459,1.071879720283163
8.468468468468469,0.6559948466083927
8.478478478478479,0.5275714420334507
8.488488488488489,0.23451060581016175
8.498498498498499,-0.03877009458933484
8.508508508508509,0.04673289975404493
8.518518518518519,-0.5982942707449075
8.528528528528529,-0.40023229196921506
8.538538538538539,-0.7985784007304859
8.548548548548549,-0.44510242701318165
8.558558558558559,-1.0273054634487966
8.568568568568569,-1.036922232841499
8.578578578578579,-1.2368926056250868
8.588588588588589,-1.3441807389959997
8.598598598598599,-1.5870469559528462
8.608608608608609,-0.9394443565520637
8.618618618618619,-1.701928060753
8.62862862862863,-1.5139473879981127
8.63863863863864,-1.1148834447895222
8.64864864864865,-1.3835572027491208
8.65865865865866,-1.3156657606476785
8.66866866866867,-0.9406101475655166
8.67867867867868,-1.4108011460009195
8.68868868868869,-0.9325397795006349
8.6986986986987,-1.3692477956338496
8.70870870870871,-1.0265069413344623
8.71871871871872,-0.9378182595501507
8.72872872872873,-1.02844367231473
8.73873873873874,-1.0330332858987827
8.74874874874875,-0.6164115515211901
8.75875875875876,-1.1758225616120943
8.76876876876877,-1.2496478395969008
8.77877877877878,-1.0009176686933519
8.78878878878879,-0.9447269024749508
8.7987987987988,-1.0403179118464838
8.80880880880881,-1.2911613261142785
8.81881881881882,-1.1352265406942805
8.82882882882883,-1.6329989761612387
8.83883883883884,-1.4688109923155221
8.84884884884885,-1.0238275237508774
8.85885885885886,-1.565482086501639
8.86886886886887,-1.3093086523607596
8.87887887887888,-1.2145000064144487
8.88888888888889,-1.5492646707452773
8.8988988988989,-1.7367395420453837
8.90890890890891,-1.5443140683787357
8.91891891891892,-0.9112459109648767
8.92892892892893,-0.8491871212609599
8.93893893893894,-0.7311703800924255
8.94894894894895,-0.9934943835182096
8.95895895895896,-0.42518701694924727
8.96896896896897,-0.3411474720662721
8.97897897897898,-0.5728189513282661
8.98898898898899,-0.1138260807621909
8.998998998999,-0.29053180863838685
9.00900900900901,-0.06412742216262537
9.01901901901902,0.574399241196869
9.02902902902903,0.49854468439365845
9.03903903903904,0.8211598819002803
9.04904904904905,0.8547116420813163
9.05905905905906,1.2692017016282315
9.06906906906907,1.2227393738383372
9.07907907907908,0.8594224313778285
9.08908908908909,1.139974519184046
9.0990990990991,1.3128514274555232
9.10910910910911,1.2255818909749117
9.11911911911912,1.5787480998207601
9.12912912912913,1.583482894341004
9.13913913913914,1.5026511913975256
9.14914914914915,1.3118513852838944
9.15915915915916,1.1931963366431153
9.16916916916917,1.2490978431301054
9.17917917917918,1.1347869634812853
9.18918918918919,0.9887322252718287
9.1991991991992,1.3197225877058
9.20920920920921,1.2107340833839932
9.21921921921922,1.252380400208172
9.22922922922923,1.0412351715446615
9.23923923923924,0.6950109301182532
9.24924924924925,1.1184267023132166
9.25925925925926,1.0827242231902627
9.26926926926927,0.962480658464272
9.27927927927928,1.2996055633067538
9.28928928928929,1.0688009995744627
9.2992992992993,0.9479536554465903
9.30930930930931,1.2334961334214196
9.31931931931932,1.2117037838307851
9.32932932932933,1.4146854005814378
9.33933933933934,1.2107418459018355
9.34934934934935,1.4690852365123377
9.35935935935936,1.35605141756635
9.36936936936937,1.6266983161271114
9.37937937937938,1.2557396980020261
9.38938938938939,1.6091445428264874
9.3993993993994,1.3665200805372895
9.40940940940941,1.0255427592038202
9.41941941941942,1.279433988414747
9.42942942942943,0.9077292004819685
9.43943943943944,1.5529608446662024
9.44944944944945,1.2300867270363869
9.45945945945946,0.5404869025701994
9.46946946946947,0.35317901955634046
9.47947947947948,0.4217074373256484
9.48948948948949,0.1271429301595804
9.4994994994995,0.14460885628178782
9.50950950950951,0.1681844616772383
9.51951951951952,-0.4964721070974638
9.52952952952953,-0.34694047784765586
9.53953953953954,-1.3103927753901239
9.54954954954955,-0.5737009703851398
9.55955955955956,-1.2320732242496848
9.56956956956957,-0.9668164943363726
9.57957957957958,-1.376433740676902
9.58958958958959,-1.1609886976646855
9.5995995995996,-1.4476668233296417
9.60960960960961,-1.5503484688910414
9.61961961961962,-1.332814315868848
9.62962962962963,-1.662479466639482
9.63963963963964,-1.4833725682778358
9.64964964964965,-1.2517126741627893
9.65965965965966,-1.2704038798641142
9.66966966966967,-1.1912197423865765
9.67967967967968,-1.4328645583724164
9.68968968968969,-1.0183355375464065
9.6996996996997,-1.3519811226702818
9.70970970970971,-1.0805231773432802
9.71971971971972,-0.9622927389412885
9.72972972972973,-1.079133878092765
9.73973973973974,-1.0263035908218314
9.74974974974975,-0.7992491945285987
9.75975975975976,-1.2567701455332658
9.76976976976977,-0.965511700262753
9.77977977977978,-0.8655168398616115
9.78978978978979,-0.9671058618416594
9.7997997997998,-1.0481052714971564
9.80980980980981,-1.0196613101899494
9.81981981981982,-1.1736237899477786
9.82982982982983,-1.2963159591584548
9.83983983983984,-1.0060509076074522
9.84984984984985,-1.2372350807175088
9.85985985985986,-1.128592963296762
9.86986986986987,-1.4501084799976842
9.87987987987988,-1.3980473860606868
9.88988988988989,-1.186314398107778
9.8998998998999,-1.4090930009067946
9.90990990990991,-1.2245698797553932
9.91991991991992,-1.0472304111494268
9.92992992992993,-0.7414316464420055
9.93993993993994,-1.326718419555358
9.94994994994995,-0.9613926812761787
9.95995995995996,-0.8062810199384691
9.96996996996997,-0.28723907722881553
9.97997997997998,-0.27366579699613147
9.98998998998999,-0.44632588330631473
10.0,0.17845591122127724
